PLAYER_ID,PLAYER_NAME,SEASON,TEAM_ABBREVIATION,MIN,arch_0,arch_1,arch_2,arch_3,arch_4,arch_5,arch_6,arch_7
1631260,AJ Green,2025-26,MIL,2269.9333333333334,0.0,0.0,0.0441266854457265,0.0,0.006182982383751114,0.03597211678730065,0.0,0.9137182153832218
1642358,AJ Johnson,2025-26,DAL,453.43333333333334,0.15658117010111836,0.0,0.0,0.7694360890839207,0.048641827540040795,0.0,0.0,0.02534091327492005
203932,Aaron Gordon,2025-26,DEN,1004.9583333333334,0.038762061485607964,0.16840460327817047,0.0,0.0,0.13503029662448712,0.1630980872705759,0.20411332097346147,0.29059163036769714
1628988,Aaron Holiday,2025-26,HOU,780.7316666666667,0.0,0.0,0.14893650782284723,0.28608511745368037,0.0,0.13324333469226196,0.03606465352938308,0.3956703865018273
1630174,Aaron Nesmith,2025-26,IND,1334.95,0.04696588313377455,0.040594441126802876,0.0,0.039827181813306654,0.11773493015679051,0.18198052623330885,0.0075209669431540215,0.5653760705928624
1630598,Aaron Wiggins,2025-26,OKC,1413.98,0.044520398496143844,0.04765552047878445,0.19391356558726533,0.24051787938783264,0.09187031028065015,0.008240658937080581,0.09215825969216249,0.28112340714008044
1642846,Ace Bailey,2025-26,UTA,1987.6433333333334,0.0633135604263786,0.024759545964532517,0.008406411855210526,0.09352615666744782,0.0527825526454934,0.3556569285741053,0.0,0.4015548438668319
1641737,Adem Bona,2025-26,PHI,1234.1616666666666,0.3250163024878136,0.0323083306958528,0.04278138241789688,0.0,0.5998939843984369,0.0,0.0,0.0
1642349,Ajay Mitchell,2025-26,OKC,1472.7983333333334,0.0,0.1479705359261955,0.12064380452511578,0.32046630441974155,0.06201752756459697,0.10066727202602505,0.24823455553832513,0.0
201143,Al Horford,2025-26,GSW,969.185,0.0,0.30341162546872824,0.10558553781415676,0.07715725545878702,0.0,0.0,0.05907192692103195,0.45477365433729605
1627936,Alex Caruso,2025-26,OKC,1020.3466666666667,0.0,0.0,0.501199053565911,0.10278195884653865,0.16399623118833673,0.0,0.01767117542993424,0.21435158096927942
1642259,Alex Sarr,2025-26,WAS,1304.6616666666666,0.006579375648360919,0.5755087069932248,0.0,0.07183666750844335,0.0,0.06483143988034838,0.18432929609657075,0.09691451387305183
1630578,Alperen Sengun,2025-26,HOU,2397.695,0.0,0.4425328464223572,0.0,0.14406128244928298,0.0,0.0025428381652912693,0.4108630329630685,0.0
1641708,Amen Thompson,2025-26,HOU,2953.15,0.0,0.13112337022474774,0.11264816965502066,0.020187145759352668,0.44049396640299554,0.08440725433167127,0.2111400936262121,0.0
1629599,Amir Coffey,2025-26,PHX,490.50166666666667,0.0,0.0,0.0,0.0,0.30802073983877953,0.24300185775987027,0.0,0.44897740240135015
203083,Andre Drummond,2025-26,PHI,1230.7483333333332,0.1530092039237372,0.06078270198174792,0.16356745460421312,0.0,0.5961502552780856,0.0,0.0,0.026490384212216105
1641748,Andre Jackson Jr.,2025-26,MIL,408.10833333333335,0.1309023696165225,0.0,0.15638818006298363,0.5638204951497389,0.061826843937040035,0.0,0.0,0.08706211123371513
1629614,Andrew Nembhard,2025-26,IND,1785.5933333333332,0.0,0.0,0.0,0.3628970083330632,0.0,0.3503130320184913,0.27242427592775065,0.01436568372069497
203952,Andrew Wiggins,2025-26,MIA,2062.5983333333334,0.0,0.24407462593860604,0.1008513276944621,0.10331118151083112,0.0031697288965565726,0.19783863815971456,0.09337447446765965,0.25738002333217
1629014,Anfernee Simons,2025-26,CHI,1371.9333333333334,0.0,0.0,0.0,0.14115879978869406,0.0,0.1973818829197644,0.2559791696258756,0.40548014766566587
1641710,Anthony Black,2025-26,ORL,1910.05,0.07257894768016532,0.0629741535718593,0.17218514067508708,0.220640700191906,0.11300830054723185,0.09246445563447826,0.16603966710405163,0.1001086345952205
203076,Anthony Davis,2025-26,WAS,625.63,0.03129210000160847,0.4626214280196735,0.0,0.0,0.0,0.3106395096420102,0.1954469623367079,0.0
1630162,Anthony Edwards,2025-26,MIN,2136.5933333333332,0.059582491990586725,0.0,0.04355230710835932,0.0,0.0,0.23054634226787926,0.5238197222861315,0.1424991363470432
1630264,Anthony Gill,2025-26,WAS,950.9466666666667,0.0,0.3973484154155739,0.0633260879277877,0.14370927975149322,0.2364129900214148,0.0,0.0,0.15920322688373043
1630574,Ariel Hukporti,2025-26,NYK,497.96166666666664,0.2937635878467518,0.5374694803090659,0.0,0.16876693184418234,0.0,0.0,0.0,0.0
1642854,Asa Newell,2025-26,ATL,499.90833333333336,0.0008477405122426602,0.1643224887908562,0.14583467960804636,0.0,0.3724437007215562,0.0,0.0,0.3165513903672985
1641709,Ausar Thompson,2025-26,DET,1895.61,0.06208776811338431,0.2966287423307949,0.3386122266284368,0.01571933639158966,0.21667360527851665,0.029503163271500692,0.04077515798577703,0.0
1630559,Austin Reaves,2025-26,LAL,1761.65,0.010143942869280274,0.11730077237183663,0.0,0.16556113415726795,0.06917378230981942,0.0012469764945241938,0.5351935718823718,0.10137981991489974
1630245,Ayo Dosunmu,2025-26,MIN,1881.0433333333333,0.0,0.1637774271815427,0.06576092289672265,0.1376876862949323,0.16327755146594577,0.0,0.209287099430821,0.2602093127300356
1628389,Bam Adebayo,2025-26,MIA,2364.685,0.0,0.22262801428968257,0.010831035547612802,0.0,0.18771754876504895,0.11094186133084301,0.2908562448879873,0.17702529517882537
1631248,Baylor Scheierman,2025-26,BOS,1429.3033333333333,0.0,0.011603378478721617,0.17171744985838774,0.0,0.11341030732849418,0.053124458055434184,0.022129517786758295,0.6280148884922041
1642879,Ben Saraf,2025-26,BKN,916.3183333333334,0.16731225551024556,0.0,0.03181182668017423,0.7441879180747811,0.0,0.0,0.05668799973479912,0.0
1641767,Ben Sheppard,2025-26,IND,1390.4766666666667,0.0,0.0,0.0876651349116189,0.07093663107443368,0.2256311768272766,0.031796486031296374,0.0,0.5839705711553744
1631097,Bennedict Mathurin,2025-26,LAC,1620.015,0.19271522833294305,0.0,0.0,0.08549847371018054,0.03697838491423761,0.3329224832314104,0.1593150257473178,0.1925704040639106
1643016,Bez Mbeng,2025-26,UTA,492.185,0.09821781406531924,0.0,0.2999167526580408,0.4383861482171524,0.16347928505948744,0.0,0.0,0.0
1641731,Bilal Coulibaly,2025-26,WAS,1467.605,0.12205127005403024,0.035650284796582214,0.210776586243252,0.22481788431540264,0.1471175972322784,0.10355251387732309,0.0772970604745659,0.07873680300656559
1631104,Blake Wesley,2025-26,POR,360.8183333333333,0.1370222987370234,0.0,0.12227187637250388,0.47118403373756956,0.014083989243875262,0.21951185954142635,0.035925942367601445,0.0
1626171,Bobby Portis Jr.,2025-26,MIL,1619.3133333333333,0.0,0.07403705734917657,0.0,0.0,0.1272096543456309,0.4189752696367058,0.06663166905110965,0.31314634961737714
203992,Bogdan Bogdanović,2025-26,LAC,452.06,0.021572949062528296,0.0,0.0,0.36876832629622636,0.0,0.09629356921602525,0.15307899145059697,0.36028616397462315
1630538,Bones Hyland,2025-26,MIN,1176.9183333333333,0.0,0.0,0.13967400998564553,0.19027506623057594,0.0,0.0,0.2997201868454243,0.3703307369383542
1642382,Branden Carlson,2025-26,OKC,488.2033333333333,0.0,0.5532061923716616,0.0,0.0,0.0,0.0,0.0,0.44679380762833854
1641764,Brandin Podziemski,2025-26,GSW,2332.673333333333,0.03394302490889443,0.059507575988633224,0.08107082356776148,0.17582740071326852,0.0,0.20838802062823641,0.17999797180338004,0.261265182389826
1627742,Brandon Ingram,2025-26,TOR,2603.8633333333332,0.002959701679459571,0.06800420464929974,0.0,0.0,0.003929504355753661,0.6058151019842569,0.16684340706700262,0.15244808026422751
1641706,Brandon Miller,2025-26,CHA,1968.3116666666667,0.0,0.1111758357761257,0.03163981858827494,0.09941319725870405,0.0,0.0647210502468662,0.3939063327187718,0.2991437654112574
1630314,Brandon Williams,2025-26,DAL,1462.645,0.0591099053690372,0.014707049777311692,0.06488614241092151,0.2914401696429315,0.12733820353693348,0.13260716915744145,0.3099113601054231,0.0
1641729,Brice Sensabaugh,2025-26,UTA,1761.8666666666666,0.0,0.02848046616793561,0.005182077944599062,0.08120602393229981,0.11373410544397532,0.12493866142577632,0.22617603005651976,0.42028263502889407
1642355,Bronny James,2025-26,LAL,375.4916666666667,0.0,0.0,0.18545222916226953,0.4513988699246061,0.0,0.2785301463879104,0.0,0.08461875452521397
201572,Brook Lopez,2025-26,LAC,1635.2733333333333,0.013174006020637443,0.31363989547742915,0.042742829454768046,0.0,0.0,0.03574576488271648,0.045217703278830235,0.5494798008856185
1642964,Brooks Barnhizer,2025-26,OKC,347.88166666666666,0.08169175755663331,0.0,0.05202535022487216,0.38129125416610765,0.20900641034384435,0.10238474498339212,0.0,0.17360048272515033
1628971,Bruce Brown,2025-26,DEN,1997.7883333333334,0.0,0.05054506294238643,0.20693221912742485,0.3386701923588921,0.3490702242029599,0.05126255344306933,0.0,0.00351974792526731
1631121,Bryce McGowens,2025-26,NOP,879.9333333333333,0.016326016799748936,0.1016612464365354,0.08657222896671812,0.0,0.33003491218392567,0.10440896937154141,0.0,0.3609966262415305
1642267,Bub Carrington,2025-26,WAS,2270.65,0.0,0.0,0.0,0.4672230490893862,0.0,0.33457003460973694,0.03724081763194173,0.1609660986689351
1627741,Buddy Hield,2025-26,ATL,819.2716666666666,0.0015857544659982259,0.0,0.24725273232361494,0.12964391387598828,0.02391218488637065,0.07046035017102882,0.09383238390215205,0.4333126803748469
203468,CJ McCollum,2025-26,ATL,2263.3716666666664,0.006562143688064441,0.0,0.0,0.21279881545242388,0.0,0.25928448136653853,0.28049085931458106,0.24086370017839223
1630595,Cade Cunningham,2025-26,DET,2171.6716666666666,0.015003833162437452,0.05472823477478417,0.0,0.23665918620363002,0.0,0.013710938199775764,0.6798978076593726,0.0
1631126,Caleb Love,2025-26,POR,1012.6083333333333,0.0,0.0,0.0,0.38952983072243214,0.0,0.09031485099979206,0.1520117653575273,0.3681435529202484
1628997,Caleb Martin,2025-26,DAL,856.2116666666667,0.00014583120700692825,0.0,0.2243369421910085,0.19714281458271132,0.35809571857406286,0.22027869344521034,0.0,0.0
1642353,Cam Christie,2025-26,LAC,479.75,0.10757705247428463,0.04015289481918302,0.0550402600746371,0.34739196083819573,0.1684658664480311,0.08605803831247934,0.0,0.19531392703318906
1642285,Cam Spencer,2025-26,MEM,1714.4516666666666,0.0,0.0,0.03449658532406249,0.14897637065576397,0.0,0.23024540081409348,0.2695121840030677,0.3167694592030123
1630560,Cam Thomas,2025-26,MIL,880.5266666666666,0.013043527532766453,0.0,0.0,0.2919661078964488,0.0,0.37297231865974545,0.22611500252554761,0.09590304338549159
1641715,Cam Whitmore,2025-26,WAS,353.98333333333335,0.22250432280074053,0.05077888869818652,0.06353555474156986,0.18978690036249746,0.0,0.12484091322330367,0.07434633467189126,0.2742070855018108
1629661,Cameron Johnson,2025-26,DEN,1647.0316666666668,0.0,0.14439280671367036,0.051263020659978564,0.0,0.13359739494614123,0.1606713102921729,0.0,0.510075467388037
1626166,Cameron Payne,2025-26,PHI,374.33666666666664,0.0,0.0,0.2690676960504094,0.24345930793802634,0.0,0.0005275440480802949,0.24721072771382252,0.23973472424966133
1627747,Caris LeVert,2025-26,DET,1154.415,0.13487037721432651,0.0,0.16761853404447064,0.3863120804875448,0.0,0.07340646021535864,0.12318031411156818,0.11461223392673132
1642868,Carter Bryant,2025-26,SAS,817.865,0.09148928741563153,0.0,0.04671049639217387,0.004293752521034243,0.2711456743783386,0.0,0.0,0.5863607892928218
1641717,Cason Wallace,2025-26,OKC,2046.07,0.0,0.03230520316958879,0.4692291675462524,0.2571573765996534,0.062361073272557695,0.06176578718745233,0.0,0.11718139222449553
1642907,Cedric Coward,2025-26,MEM,1597.9466666666667,0.02598489940878294,0.14454794333839022,0.0,0.16935948785286678,0.1300039285294308,0.020381649721863643,0.24413799778323775,0.2655840933654279
1643052,Chaney Johnson,2025-26,BKN,347.5833333333333,0.1933766245254078,0.22267398165062702,0.15180869416449325,0.14266521822039613,0.04771651056076341,0.0,0.13216157158193742,0.10959739929637487
1631096,Chet Holmgren,2025-26,OKC,1997.2683333333334,0.018609579025372473,0.6160277232975807,0.0,0.0,0.0,0.045641669510826134,0.17948337336238454,0.14023765480383615
1631128,Christian Braun,2025-26,DEN,1399.1383333333333,0.016528753034419773,0.15282495691308348,0.034510274165930506,0.0,0.37144357501889264,0.03166317154903569,0.0,0.39302926931863796
1631132,Christian Koloko,2025-26,ATL,356.66833333333335,0.21312884242766017,0.14535729542959475,0.07718152964118208,0.2820357241944689,0.28229660830709413,0.0,0.0,0.0
203991,Clint Capela,2025-26,HOU,925.6616666666666,0.2126549913410329,0.4178813641942297,0.07474782492327828,0.0,0.29471581954145926,0.0,0.0,0.0
1629632,Coby White,2025-26,CHA,1249.7883333333334,0.038723402317111556,0.0,0.0,0.21002582705219666,0.059829870192670595,0.015348457846236271,0.43022061771874603,0.24585182487303886
1642262,Cody Williams,2025-26,UTA,1630.5416666666667,0.0,0.0,0.052348018068032603,0.2702548386155234,0.4500828648516556,0.13100664140286836,0.0,0.09630763706192003
1630175,Cole Anthony,2025-26,MIL,526.635,0.0,0.0,0.0,0.6398994601599525,0.0,0.14220655782954741,0.2178939820105001,0.0
1631221,Collin Gillespie,2025-26,PHX,2281.8016666666667,0.0,0.0,0.16536691122784555,0.1587155758294527,0.0,0.07598917277006938,0.2507260387899994,0.3492023013826329
1642867,Collin Murray-Boyles,2025-26,TOR,1245.6,0.13094069737696631,0.4253347466044516,0.16238940696360335,0.0,0.17194055329738303,0.026863012269535802,0.0,0.08253158348805999
1629012,Collin Sexton,2025-26,CHI,1613.2033333333334,0.01298167210794607,0.025010282149576707,0.1597667123832145,0.2508082541970648,0.089884914242222,0.09688169340239086,0.33793559602004636,0.026730875497538643
1642843,Cooper Flagg,2025-26,DAL,2343.858333333333,0.031346591300641914,0.20723890285398988,0.0,0.19080633451966006,0.0,0.29669246081594525,0.2739157105097629,0.0
1630557,Corey Kispert,2025-26,ATL,1079.6066666666666,0.010689608014961988,0.1359239402791704,0.0,0.0,0.12439381843288973,0.0,0.0854772874625686,0.6435153458104093
1641854,Craig Porter Jr.,2025-26,CLE,1147.6616666666666,0.0795387736587987,0.08083026629410171,0.2551160923652251,0.4602803336391707,0.0,0.1053093106241314,0.018925223418572376,0.0
1626156,D'Angelo Russell,2025-26,WAS,494.775,0.0,0.0,0.0,0.49911288281198934,0.0,0.17595768224887826,0.279894377932698,0.04503505700643449
1631342,Daeqwon Plowden,2025-26,SAC,844.3683333333333,0.014284027277401853,0.04419162033710319,0.06985848759689707,0.07480007448925083,0.1275966278792623,0.0,0.0,0.6692691624200848
1631207,Dalen Terry,2025-26,PHI,551.0266666666666,0.05365284409417672,0.0,0.30026149820436265,0.3039082903633996,0.24599698950187107,0.014504134290098432,0.0,0.0816762435460915
1642261,Dalton Knecht,2025-26,LAL,552.9283333333333,0.03989818704745328,0.07982110877457592,0.00800078693801618,0.04917219708818657,0.06749657003671297,0.11908052793041402,0.0,0.6365306221846411
1629655,Daniel Gafford,2025-26,DAL,1194.4383333333333,0.6042978066958413,0.28197744919209466,0.0,0.0,0.0,0.0,0.11372474411206403,0.0
1642450,Daniss Jenkins,2025-26,DET,1455.3,0.00892325529852168,0.010061172343894855,0.08724110912443324,0.4956765343770489,0.0017140947516606346,0.2112094195310637,0.18517441457337705,0.0
1642874,Danny Wolf,2025-26,BKN,1187.1616666666666,0.10262448917027109,0.16272123710034656,0.0,0.20860090387293959,0.1140690905766081,0.0,0.10860204055457806,0.30338223872525644
1629636,Darius Garland,2025-26,LAC,1344.2766666666666,0.0,0.0,0.0,0.49768572983398635,0.0,0.042742343015498015,0.43996990328654323,0.01960202386397251
1630558,Davion Mitchell,2025-26,MIA,2000.255,0.0,0.04420482383469379,0.08055352168429508,0.6927559860642541,0.0,0.05715152319259963,0.10049210274657473,0.02484204247758269
1630549,Day'Ron Sharpe,2025-26,BKN,1159.915,0.14239893394002992,0.3728881415255793,0.20659606768119337,0.0,0.17094498431676056,0.0,0.10717187253643695,0.0
1628368,De'Aaron Fox,2025-26,SAS,2231.065,0.0,0.0041837582616047345,0.05974967702694493,0.3564189355062657,0.0,0.18227863938512795,0.37399895788081505,0.02337003193924159
1629631,De'Andre Hunter,2025-26,SAC,1175.4866666666667,0.07609047730218066,0.0,0.0,0.1182741444339763,0.07587988899854922,0.2162175287437316,0.10023206755817722,0.413305892963385
1629001,De'Anthony Melton,2025-26,GSW,1125.2566666666667,0.0168491781897443,0.0,0.3143672833314281,0.42715840176714825,0.0,0.07708926896088593,0.1645358677507934,0.0
201942,DeMar DeRozan,2025-26,SAC,2405.515,0.0,0.0,0.0,0.0,0.0,0.9999999999999326,6.729462290249594e-14,0.0
1629731,Dean Wade,2025-26,CLE,1317.6833333333334,0.0,0.09841127810007053,0.14120639452924805,0.0,0.12656643317129881,0.0,0.0,0.6338158941993827
1629028,Deandre Ayton,2025-26,LAL,1958.385,0.3258390798476482,0.4374523453018869,0.0,0.026437307840615036,0.0,0.10769705267119942,0.06697973970855585,0.035594474630094686
1627749,Dejounte Murray,2025-26,NOP,389.4166666666667,0.0,0.0,0.12706893483893186,0.35929914475336006,0.0,0.04851615452185869,0.4651157658858494,0.0
1630166,Deni Avdija,2025-26,POR,2199.385,0.08805238976263512,0.11620503266854318,0.0,0.11051367498083876,0.11563870754683088,0.0,0.5592445143338339,0.010345680707318276
203471,Dennis Schröder,2025-26,CLE,1696.2983333333334,0.012612698494081946,0.0,0.0,0.5414697422244564,0.0,0.2536166906196883,0.19230086866177346,0.0
1642852,Derik Queen,2025-26,NOP,2023.38,0.16229756981980675,0.16419475208496115,0.041935603525629105,0.200140052135287,0.16320290216409644,0.12345112526415156,0.14477799500606797,0.0
1627884,Derrick Jones Jr.,2025-26,LAC,1349.5083333333334,0.0,0.26390059332565513,0.15359656993523949,0.0,0.2466003244190161,0.0,0.0,0.33590251232008916
1628401,Derrick White,2025-26,BOS,2624.9566666666665,0.032903009026118354,0.0,0.09118638704357442,0.12024330943904762,0.0,0.1356194085986226,0.28865467900602565,0.33139320688661156
1630217,Desmond Bane,2025-26,ORL,2756.045,0.0,0.18786698498607474,0.003932235593331485,0.1449863822891536,0.05473173366382991,0.1614330349264598,0.25769836605058677,0.1893512624905636
1626164,Devin Booker,2025-26,PHX,2146.43,0.0,0.0,0.0,0.08712288014226427,0.0,0.4320492177903507,0.4697814689289909,0.011046433138394039
1642269,Devin Carter,2025-26,SAC,699.8683333333333,0.12200469789635773,0.0,0.08285251716602915,0.5440538454170477,0.0,0.0,0.25108893952056544,0.0
1630170,Devin Vassell,2025-26,SAS,2044.2316666666666,0.0,0.012502949920876385,0.053499114290145505,0.0,0.0,0.38881164028597576,0.006954993087524129,0.5382313024154781
1628415,Dillon Brooks,2025-26,PHX,1701.5833333333333,0.0,0.0,0.0,0.11903110213005821,0.0,0.4054969178572571,0.2296598935885703,0.24581208642411445
1627734,Domantas Sabonis,2025-26,SAC,563.5883333333334,0.0,0.4815722522083465,0.0,0.1555705444942439,0.17294851893946778,0.0,0.18990868435794195,0.0
1631230,Dominick Barlow,2025-26,PHI,1688.5183333333334,0.04120736519027525,0.11212548893712193,0.19596667679387378,0.0,0.5998185138391994,0.0,0.0,0.05088195523952978
1642270,Donovan Clingan,2025-26,POR,2093.6366666666668,0.17188573921105582,0.5304511483484657,0.0,0.0,0.0,0.0,0.06795240995062253,0.2297107024898558
1628378,Donovan Mitchell,2025-26,CLE,2342.0633333333335,0.0,0.0,0.07151190373317716,0.1267938710400748,0.0007801888148366402,0.09119684060152308,0.6194278101558246,0.09028938565456378
1628978,Donte DiVincenzo,2025-26,MIN,2494.036666666667,0.0,0.0,0.23043643251605514,0.11092340786424625,0.0,0.0,0.11238816439900151,0.5462519952206971
1627827,Dorian Finney-Smith,2025-26,HOU,620.3116666666666,0.032256558369207725,0.0,0.07787469465398078,0.2902670414275739,0.046554705768935445,0.0,0.0,0.5530469997803021
203926,Doug McDermott,2025-26,SAC,439.1983333333333,0.0,0.0,0.0,0.0,0.0,0.0,7.265860677142121e-14,0.9999999999999274
1642962,Drake Powell,2025-26,BKN,1319.5133333333333,0.07293530016635091,0.0,0.006924776448217987,0.38902300628423664,0.003915650581382094,0.17445544258951912,0.0,0.3527458239302932
203110,Draymond Green,2025-26,GSW,1868.8883333333333,0.10519864512881484,0.0,0.1813622047080221,0.44923354916395924,0.03686962730095679,0.0,0.022442451601406843,0.20489352209684009
1629234,Drew Eubanks,2025-26,SAC,552.27,0.0,0.355360554781139,0.004026477244824461,0.0666736140753919,0.5642447949912012,0.009694558907443602,0.0,0.0
1630696,Dru Smith,2025-26,MIA,1141.3083333333334,0.017228035877514244,0.044708533126729386,0.5102373569981039,0.2598029079215436,0.08891416094308704,0.022996453346543738,0.05611255178647801,0.0
1629130,Duncan Robinson,2025-26,DET,2113.1583333333333,0.0,0.10757443353573418,0.036919102061687956,0.0,0.03744588818070037,0.0,0.06968097867463542,0.748379597547242
203939,Dwight Powell,2025-26,DAL,904.4116666666666,0.422103056748611,0.0,0.053275399331954396,0.0,0.5246215439194346,0.0,0.0,0.0
1642928,Dylan Cardwell,2025-26,SAC,906.5383333333333,0.07514064810777935,0.41076065016547536,0.03688860524857457,0.0,0.47721009647817086,0.0,0.0,0.0
1642844,Dylan Harper,2025-26,SAS,1557.9566666666667,0.0,0.1862288505375378,0.05393875417860509,0.32618624599438073,0.05467642547333874,0.10916199470649693,0.225995218185797,0.043812510923843605
1630700,Dyson Daniels,2025-26,ATL,2519.54,0.0,0.34696362075285764,0.18603429540303723,0.37031742397236883,0.07790483292346909,0.0,0.01877982694826733,0.0
1630604,E.J. Liddell,2025-26,BKN,349.19,0.0,0.17508361822805849,0.0,0.1454894669788932,0.24426237177306842,0.0,0.0769498137694154,0.3582147292505644
1642856,Egor Dëmin,2025-26,BKN,1308.2083333333333,0.027782427456291066,0.0,0.09951143093446198,0.23679558294890185,0.0,0.0,0.17172662098787767,0.46418393767246735
1641989,Elijah Harkless,2025-26,UTA,544.8133333333334,0.05857345276367783,0.0,0.23623916688123367,0.4342293482601783,0.0,0.14397977754375602,0.0,0.12697825455115422
1630679,Ethan Thompson,2025-26,IND,653.2316666666667,0.013688107222574871,0.0,0.07883383289669034,0.19994098149189185,0.12740081210649423,0.11352571736767397,0.0,0.46661054891467474
1630596,Evan Mobley,2025-26,CLE,2074.2883333333334,0.07427374206590184,0.5434537631676523,0.0,0.0,0.018357618466801354,0.0018204917188136514,0.21715401434682968,0.14494037023400125
1630532,Franz Wagner,2025-26,ORL,1019.0033333333333,0.0,0.25616837674743226,0.0,0.05853224437197979,0.16984781044996938,0.041718780822697484,0.3798695754860209,0.09386321212190002
1641713,GG Jackson,2025-26,MEM,1177.765,0.0981799412979725,0.20224431609312168,0.0,0.02651084995445639,0.1908032117166174,0.0,0.19529261895481773,0.2869690619830143
1629216,Gabe Vincent,2025-26,ATL,879.0783333333334,0.0,0.0,0.09083223165087702,0.29988923407462487,0.0,0.029924746295181028,0.0,0.5793537879793171
203914,Gary Harris,2025-26,MIL,660.7683333333333,0.0,0.0,0.2464936066896953,0.1986623130742541,0.17267743041111894,0.0,0.0,0.38216664982493154
1627780,Gary Payton II,2025-26,GSW,1142.28,0.0,0.2378888223224302,0.3443187069190159,0.09069156723130435,0.24550422272858893,0.0,0.04015462482449354,0.041442055974167176
1629018,Gary Trent Jr.,2025-26,MIL,1377.3816666666667,0.0,0.0,0.0,0.1103861658805103,0.0,0.2096671579382926,0.0,0.6799466761811971
203507,Giannis Antetokounmpo,2025-26,MIL,1039.23,0.04686467006397633,0.32602482181453096,0.0,0.0,0.0,0.0,0.6271105081214928,0.0
1629048,Goga Bitadze,2025-26,ORL,972.0066666666667,0.15839807622411806,0.6634940993082606,0.06949844923067752,0.0,0.10860937523694386,0.0,0.0,0.0
1641711,Gradey Dick,2025-26,TOR,1066.6883333333333,0.029419924349036928,0.0,0.17216997528981903,0.0,0.21768586348263327,0.16567306970064904,0.0,0.4150511671778617
1629684,Grant Williams,2025-26,CHA,711.4533333333334,0.023552047537828844,0.08288528851118644,0.11154535979757538,0.0,0.1251306423470733,0.0017630861067425738,0.10023463290179441,0.5548889427977992
1628960,Grayson Allen,2025-26,PHX,1467.2783333333334,0.0,0.0,0.18947968020265185,0.1194029432168245,0.0,0.0,0.32401893797449677,0.3670984386060268
1627824,Guerschon Yabusele,2025-26,CHI,1007.0566666666666,0.0860786946567517,0.014467315714366585,0.0765426776479562,0.021659967825871568,0.20928574041561743,0.0,0.02833605663562868,0.5636295471038077
1630611,Gui Santos,2025-26,GSW,1395.3633333333332,0.0026127851311099812,0.2519561740992562,0.1919879878703489,0.21851539816192292,0.07318945649360352,0.0,0.08070821174775626,0.18102998649600224
203084,Harrison Barnes,2025-26,SAS,1986.475,0.0,0.0,0.1026573548478426,0.0,0.3021646101382553,0.0,0.05875034658229926,0.5364276884316029
1630529,Herbert Jones,2025-26,NOP,1588.3816666666667,0.04351720278978684,0.0,0.2819396168551924,0.33440924538650973,0.05384176256147856,0.0522574611148276,0.0,0.23403471129220485
1642864,Hugo González,2025-26,BOS,1083.93,0.0,0.10268309865852564,0.2222076549119289,0.1420920051311989,0.2778265646495469,0.0,0.0,0.2551906766487995
1630193,Immanuel Quickley,2025-26,TOR,2231.3083333333334,0.0,0.0,0.10184425299687491,0.19870793409852147,0.0,0.14697139600475637,0.295352674250644,0.2571237426492033
1630171,Isaac Okoro,2025-26,CHI,1694.89,0.0546438890103549,0.0,0.1070868028675642,0.0,0.3760800140148067,0.0,0.0,0.4621892941072743
1642268,Isaiah Collier,2025-26,UTA,1516.92,0.08409871399463371,0.042088988796502816,0.0,0.5723661935368156,0.0,0.04854706776375015,0.2528990359082977,0.0
1628392,Isaiah Hartenstein,2025-26,OKC,1137.425,0.44225116597011027,0.208774878121544,0.003542043367215454,0.010142017779919002,0.09978587550559305,0.0,0.23550401925561817,0.0
1630543,Isaiah Jackson,2025-26,LAC,908.3116666666666,0.5198706385647434,0.0,0.05412084897414278,0.0,0.36791508491134917,0.0,0.058093427549764765,0.0
1630198,Isaiah Joe,2025-26,OKC,1507.445,0.0,0.022672823084172428,0.13517976571755733,0.0,0.0,0.07292718720422552,0.12180004507209288,0.6474201789219519
1630587,Isaiah Livers,2025-26,PHX,347.36,0.037654612015337215,0.0,0.2064349510113938,0.3069428657349723,0.1507155892010615,0.0,0.0,0.298251982037235
1630191,Isaiah Stewart,2025-26,DET,1317.135,0.059147217390501126,0.5370087731775003,0.0,0.0,0.1798393332545889,0.0,0.0,0.22400467617740974
1627826,Ivica Zubac,2025-26,IND,1446.6983333333333,0.3782292360119006,0.33307746768713237,0.0,0.12103908717630832,0.023702874508171788,0.0,0.1439513346164868,0.0
1629630,Ja Morant,2025-26,MEM,568.5,0.0,0.0,0.0,0.40366249238377794,0.0,0.14104857308678442,0.4552889345294375,0.0
1642266,Ja'Kobe Walter,2025-26,TOR,1473.575,0.0,0.0,0.3119080204670263,0.0,0.1955917333326327,0.0053654869901086,0.0,0.4871347592102323
1631095,Jabari Smith Jr.,2025-26,HOU,2705.365,0.0,0.17176611047714163,0.0,0.0,0.11239300152421829,0.21230651503524833,0.040831340367925795,0.4627030325954659
1631133,Jabari Walker,2025-26,PHI,761.6683333333333,0.11811602182102637,0.0,0.13852321097378587,0.0,0.39627829704469736,0.0,0.0012884791006034276,0.345793991059887
1630702,Jaden Hardy,2025-26,WAS,898.0966666666667,0.0,0.0,0.0,0.20951359849270293,0.05675377334825424,0.10926369704608173,0.1486327741083253,0.47583615700463583
1631093,Jaden Ivey,2025-26,CHI,670.255,0.009718627734998375,0.09820756750925379,0.09876791613660722,0.2093402889612418,0.0,0.12768928588064718,0.1206842585765645,0.33559205520068713
1630183,Jaden McDaniels,2025-26,MIN,2316.4133333333334,0.0,0.26645030236847506,0.09039212422973572,0.11121926879422418,0.1316433446462713,0.18456862369686383,0.04900856889320261,0.16671776737122734
1630256,Jae'Sean Tate,2025-26,HOU,404.72333333333336,0.0,0.0,0.061579863021830016,0.35870617058706084,0.4575476677147441,0.0,0.0,0.12216629867636503
1642942,Jahmai Mashack,2025-26,MEM,673.1516666666666,0.14072111068814316,0.0,0.18618503787852278,0.673093851433334,0.0,0.0,0.0,0.0
1631170,Jaime Jaquez Jr.,2025-26,MIA,2121.21,0.0,0.15558161880464408,0.0,0.36900776609763286,0.23597662145754497,0.006753501275076295,0.23268049236510185,0.0
1631222,Jake LaRavia,2025-26,LAL,2061.47,0.02119166336366283,0.05984139080394668,0.3116046889792718,0.08475977372598839,0.31950914529740876,0.0,0.0,0.20309333782972147
1627751,Jakob Poeltl,2025-26,TOR,1149.06,0.39670154015931713,0.407885284127752,0.0,0.028649730412304914,0.0,0.0,0.1667634453006259,0.0
1628973,Jalen Brunson,2025-26,NYK,2589.806666666667,0.0,0.0,0.0,0.2023044681554198,0.0,0.2795943613322219,0.4913119665008508,0.026789204011507674
1631105,Jalen Duren,2025-26,DET,1975.8533333333332,0.38645320526620514,0.32081552414936293,0.0,0.0,0.0,0.0,0.2927312705844318,0.0
1630224,Jalen Green,2025-26,PHX,828.325,0.016583973945189998,0.0,0.04770958331038051,0.24849008935895225,0.0,0.2330392972646019,0.31765959600225785,0.13651746011861754
1630552,Jalen Johnson,2025-26,ATL,2531.5983333333334,0.0,0.2732405141544739,0.0,0.21635341917320097,0.0,0.04185121966626573,0.46855484700605937,0.0
1629618,Jalen Pickett,2025-26,DEN,806.48,0.0017251556911162655,0.0,0.0,0.40038477858137694,0.0,0.23808563221514745,0.0,0.3598044335123594
1641771,Jalen Slawson,2025-26,IND,310.55,0.11253778362474724,0.1359698134179831,0.38593504014864044,0.12519850168480826,0.0,0.036614218479116466,0.0,0.20374464264470457
1630188,Jalen Smith,2025-26,CHI,1095.3883333333333,0.09669453076742318,0.28688531468746464,0.0,0.0,0.0687256171712779,0.0,0.048229433649213074,0.49946510372462116
1630591,Jalen Suggs,2025-26,ORL,1573.57,0.0,0.0,0.3442797894867081,0.2958301949817982,0.0,0.05312024222733722,0.30676977330415645,0.0
1631114,Jalen Williams,2025-26,OKC,935.9633333333334,0.0,0.15450412320717394,0.0,0.2662221490707718,0.0,0.22910466717953967,0.3501690605425146,0.0
1630592,Jalen Wilson,2025-26,BKN,859.2216666666667,0.058351088989091644,0.0,0.016943026844822903,0.2537235886329042,0.18138705827698515,0.014247386318977848,0.059129305450103316,0.41621854548711495
1631288,Jamal Cain,2025-26,ORL,485.9683333333333,0.0,0.022041591547262686,0.050999888461634946,0.0,0.39644525622714777,0.04774656193495239,0.08090608477049675,0.4018606170585055
1627750,Jamal Murray,2025-26,DEN,2651.891666666667,0.0,0.0,0.0,0.09976688598352924,0.0,0.26895239968145024,0.4831872495803084,0.148093464754712
1642347,Jamal Shead,2025-26,TOR,1852.2383333333332,0.0,0.0,0.12820661116771576,0.7072080620099892,0.0,0.04994249259946655,0.10817270168016603,0.00647013254266238
1631123,Jamaree Bouyea,2025-26,PHX,644.0583333333333,0.0797521650812833,0.0,0.14656758562264677,0.3866773021420263,0.0,0.35394977583756204,0.03305317131648154,0.0
201935,James Harden,2025-26,CLE,2438.495,0.05836718589838622,0.0,0.0,0.27676581491731284,0.0,0.0,0.6561237949405113,0.008743204243789578
1642364,Jamir Watkins,2025-26,WAS,1032.1766666666667,0.08009118123321886,0.0,0.29021362805833095,0.09091595453421307,0.23530087180300363,0.00232825264010294,0.0,0.30115011173113065
1642419,Jamison Battle,2025-26,TOR,516.7783333333333,0.0,0.12781602521469604,0.0,0.0,0.20060061269166962,0.007968265454782957,0.0,0.6636150966388515
1641716,Jarace Walker,2025-26,IND,1953.3833333333334,0.07024979410273406,0.10621614593587143,0.032054778364085726,0.26799555692888677,0.008929906312622601,0.12578379210393245,0.08989077245219676,0.2988792537996702
1642272,Jared McCain,2025-26,OKC,1159.6666666666667,0.0,0.0,0.057083942304988186,0.2612219970696811,0.005184771886049597,0.18250522825287674,0.09812271113419019,0.3958813493522142
1628991,Jaren Jackson Jr.,2025-26,UTA,1454.6483333333333,0.0,0.4044222340560761,0.0,0.12218158364039991,0.03695411333478886,0.048403739705580845,0.22867687734836806,0.1593614519147863
1629020,Jarred Vanderbilt,2025-26,LAL,1127.7416666666666,0.008812871770952295,0.0,0.3496827284197352,0.04867131847382796,0.5850966837041779,0.0,0.0,0.007736397631306504
1628386,Jarrett Allen,2025-26,CLE,1519.12,0.0,0.49647716160707606,0.0,0.0,0.38856878197624456,0.0,0.11495405641667944,0.0
1642859,Jase Richardson,2025-26,ORL,586.7483333333333,0.0,0.05011660142667729,0.09059962977124343,0.33789082443857676,0.14654773468190435,0.12110461044705678,0.033385123494124716,0.22035547574041664
1642914,Javon Small,2025-26,MEM,829.9083333333333,0.0852293120818318,0.0,0.0939765626693784,0.3692953674561963,0.0,0.04397509334362053,0.3061782362778093,0.10134542817116357
1629750,Javonte Green,2025-26,DET,1445.9616666666666,0.0,0.1087827723167648,0.4686791792712935,0.0,0.13320594516251763,0.02983947460293655,0.0,0.25949262864648764
1629637,Jaxson Hayes,2025-26,LAL,1206.5783333333334,0.09352019346158989,0.8827134433630857,0.0,0.0,0.0,0.0,0.0,0.023766363175324417
1630643,Jay Huff,2025-26,IND,1719.2433333333333,0.07751822746952454,0.3860204733786541,0.01781041572078202,0.0,0.0,0.0,0.0,0.5186508834310393
1627759,Jaylen Brown,2025-26,BOS,2442.838333333333,0.035260431803495404,0.0,0.0,0.07349589710384542,0.0307135190224519,0.296909143797111,0.5636210082730964,0.0
1641740,Jaylen Clark,2025-26,MIN,887.7033333333334,0.0,0.0,0.2902451496932388,0.11252226419448846,0.3635931946510394,0.01896169364810119,0.0,0.21467769781313215
1642377,Jaylen Wells,2025-26,MEM,1820.6416666666667,0.011644706618503028,0.0,0.09453379872783703,0.007618439484778745,0.1483967466149818,0.27411500979889114,1.723791439626827e-05,0.4636740608406121
1631119,Jaylin Williams,2025-26,OKC,1277.375,0.050191608400330066,0.23866427007547453,0.08133201947546842,0.0,0.0,0.0,0.08145774685254667,0.5483543551961803
1642281,Jaylon Tyson,2025-26,CLE,1777.4833333333333,0.0,0.18805305134752445,0.10143490764200355,0.045517759608402625,0.2186152547169634,0.0,0.10389095375652577,0.34248807292858024
1628369,Jayson Tatum,2025-26,BOS,521.85,0.07723949144623629,0.0,0.03713748620060587,0.12198663625114545,0.0,0.015654491169235108,0.6036667523500933,0.14431514258268413
203924,Jerami Grant,2025-26,POR,1695.1016666666667,0.014733490471953188,0.023372821941994186,0.0419206221764921,0.0,0.3189644944522071,0.0,0.29053777847457884,0.31047079248277465
1642847,Jeremiah Fears,2025-26,NOP,2111.903333333333,0.12692463557839176,0.0,0.07960923810306914,0.4516419932142351,0.0,0.12655413131701876,0.2152700017872853,0.0
1630526,Jeremiah Robinson-Earl,2025-26,DAL,360.615,0.04400902898300745,0.0,0.020213808097435285,0.208472055348109,0.4229649687018398,0.0,0.0,0.30434013886960826
1631110,Jeremy Sochan,2025-26,NYK,468.5516666666667,0.04575216830141607,0.1087426917916098,0.17877773656882276,0.06855825354107954,0.385693466887071,0.0,0.0,0.2124756829100009
1630579,Jericho Sims,2025-26,MIL,1317.835,0.6689181457506868,0.1063970046840216,0.0,0.15186375571895155,0.05506151236383974,0.0,0.0,0.017759581482500404
1641724,Jett Howard,2025-26,ORL,695.32,0.0,0.1081996167520717,0.0,0.0,0.17290641431040965,0.04830952458714878,0.03828716896997841,0.6322972753803914
1628975,Jevon Carter,2025-26,ORL,867.4416666666667,0.0,0.0,0.2168633335269008,0.1298780169888339,0.0,0.22622483535277255,0.0,0.42703381413149283
202710,Jimmy Butler III,2025-26,GSW,1181.6766666666667,0.0008013118910347015,0.14216619628110247,0.07245256295848661,0.0,0.29009017007023774,0.07625357339158903,0.41823618540754953,0.0
1642866,Joan Beringer,2025-26,MIN,314.13166666666666,0.6141435555996625,0.3229434328280413,0.0,0.0,0.0,0.0,0.02801287067926827,0.03490014089302808
1629111,Jock Landale,2025-26,ATL,1506.0766666666666,0.0,0.38110991743848094,0.0,0.0,0.18638210251924958,0.0,0.09392181970686839,0.338586160335401
203954,Joel Embiid,2025-26,PHI,1200.6383333333333,0.030566303865984263,0.16930873658923776,0.0,0.0,0.0,0.4252665866157785,0.3748583729289995,0.0
1628381,John Collins,2025-26,LAC,1871.4783333333332,0.0,0.18554552480689696,0.11559640091979242,0.0,0.4056734505753014,0.027481158766807654,0.08215228911928746,0.18355117581191405
1629723,John Konchar,2025-26,UTA,1114.6766666666667,0.06843161149209818,0.039808522216177825,0.5064985808711454,0.08634886817435698,0.20323903834831672,0.0,0.0,0.09567337889790503
1642277,Johnny Furphy,2025-26,IND,643.0533333333333,0.11613486111944647,0.0,0.11012232072678212,0.1717083536009518,0.3030838032026139,0.0,0.0,0.2989506613502057
202685,Jonas Valanciunas,2025-26,DEN,871.065,0.028684551140875227,0.6044727416933421,0.0,0.0,0.025085899319217942,0.10266945212496842,0.23908735572159637,0.0
1628371,Jonathan Isaac,2025-26,ORL,520.8933333333333,0.23141862198601276,0.0,0.18450389138483864,0.0,0.4687589089556786,0.012512491765654065,0.0,0.10280608590781587
1630228,Jonathan Kuminga,2025-26,ATL,830.4966666666667,0.05833179937261037,0.014801946017625302,0.0,0.21087950918124682,0.33952965049364053,0.030717044561433406,0.26257187718670477,0.08316817318673875
203903,Jordan Clarkson,2025-26,NYK,1279.4616666666666,0.0,0.007544665452997404,0.0,0.2674578333961426,0.22290863008161652,0.10582504944588418,0.10317842797716163,0.2930853936461976
1630692,Jordan Goodwin,2025-26,PHX,1571.7766666666666,0.0,0.0,0.4164605080277713,0.19681231336729005,0.06053845483932365,0.07726144319182753,0.08772262427160249,0.16120465630218495
1641722,Jordan Hawkins,2025-26,NOP,691.975,0.0,0.0,0.0,0.17120859166160537,0.0,0.40978585356852304,0.0,0.41900555476987167
1641757,Jordan Miller,2025-26,LAC,1324.78,0.0,0.2153330979300179,0.08129069223127584,0.18976463600373353,0.2367857042496421,0.048807895072079006,0.17099161529971285,0.05702635921353882
1629673,Jordan Poole,2025-26,NOP,933.2366666666667,0.056019020533071055,0.0,0.0,0.25894113284057635,0.0,0.0,0.24465285503668593,0.44038699158966665
1641775,Jordan Walsh,2025-26,BOS,1211.97,0.02468355750433441,0.24918281885635096,0.2222279817984135,0.0,0.17301215256447516,0.0,0.0,0.3308934892764261
1630631,Jose Alvarado,2025-26,NYK,1370.2366666666667,0.0,0.0,0.2196383289186449,0.4290043661139378,0.0,0.0,0.11321149145023238,0.23814581351718506
1630581,Josh Giddey,2025-26,CHI,1731.3566666666666,0.04013504265354309,0.12561618488699608,0.0,0.42662726138702967,0.0,0.0,0.4076215110724313,0.0
1630182,Josh Green,2025-26,CHA,907.9283333333333,0.0,0.0,0.27894629345766325,0.0,0.2184432338385096,0.0,0.0,0.5026104727038272
1628404,Josh Hart,2025-26,NYK,1993.575,0.019210911652222655,0.16199480309034356,0.16308277817595557,0.16445397989261712,0.12484766692334644,0.04721494513727611,0.1765535430294112,0.1426413720988274
1631169,Josh Minott,2025-26,BKN,833.7316666666667,0.0,0.2755730607230154,0.32080240476156324,0.0,0.005405714203191501,0.0,0.0757153643115634,0.32250345600066654
1629006,Josh Okogie,2025-26,HOU,1353.8116666666667,0.0,0.0,0.30394893997303296,0.0759111189980761,0.3499552253181907,0.0,0.0,0.2701847157107003
201950,Jrue Holiday,2025-26,POR,1560.4016666666666,0.0,0.0,0.02918584523450061,0.4767363537195113,0.0,0.0,0.42676296959375637,0.06731483145223183
1630577,Julian Champagnie,2025-26,SAS,2265.963333333333,0.0,0.11068220062261727,0.11698672659243874,0.0,0.10699680806392133,0.0,0.04536074003346964,0.619973524687553
1641763,Julian Phillips,2025-26,MIN,427.01666666666665,0.0,0.0,0.27320958708633936,0.0,0.34792948132224905,0.0,0.0,0.37886093159141165
1642882,Julian Reese,2025-26,WAS,401.5,0.5760573590176842,0.0,0.0,0.2567634191843566,0.0,0.12789723225831373,0.03928198953964555,0.0
1631124,Julian Strawther,2025-26,DEN,860.6733333333333,0.0,0.12490406637977808,0.02579140772577701,0.1073061152761251,0.13815172805923923,0.08302788359340323,0.10131492590184857,0.41950387306382875
203944,Julius Randle,2025-26,MIN,2610.2966666666666,0.016948413747860307,0.12318305139805184,0.0,0.12350077754901062,0.16358733135121878,0.1528609056829494,0.37992555616344187,0.039993964107467146
1630551,Justin Champagnie,2025-26,WAS,1377.4533333333334,0.05519890327980459,0.2930930888127967,0.1640016284339882,0.01060720986034518,0.18497889913447196,0.0,0.02940695052933269,0.2627133199492606
1642348,Justin Edwards,2025-26,PHI,977.0183333333333,0.0,0.05580624891696511,0.2823801530259626,0.13552982719125795,0.0,0.15111906476306458,0.007304063997195796,0.36786064210555397
203994,Jusuf Nurkić,2025-26,UTA,1083.0683333333334,0.0,0.5535339951212146,0.019477130873645193,0.3166239176990378,0.0,0.0,0.11036495630610241,0.0
1642880,Kam Jones,2025-26,IND,616.325,0.0,0.0,0.0,1.0,0.0,0.0,0.0,0.0
1626157,Karl-Anthony Towns,2025-26,NYK,2321.7816666666668,0.059243265359271054,0.4744607773100988,0.0,0.0,0.0409815010124719,0.0,0.3176406311272773,0.10767382519088103
1631255,Karlo Matković,2025-26,NOP,911.7566666666667,0.007669003494331244,0.4683407349421839,0.08764335229954007,0.0,0.185661986958025,0.0,0.0,0.2506849223059197
1642857,Kasparas Jakučionis,2025-26,MIA,944.6283333333333,0.022328327398606497,0.0,0.18411224639275633,0.21518003122577226,0.12274571176854994,0.0,0.09162483555319362,0.36400884766112124
202695,Kawhi Leonard,2025-26,LAC,2084.7283333333335,0.0,0.017587993802685085,0.11888030542487359,0.0,0.0,0.23198545031862935,0.6315462504538121,0.0
1630811,Keaton Wallace,2025-26,ATL,535.99,0.0,0.0,0.12260975734987804,0.3646006487287508,0.0,0.20823345894016573,0.046187576122540694,0.2583685588586647
1631099,Keegan Murray,2025-26,SAC,793.0966666666667,0.04332063877090957,0.15081257342254717,0.0,0.1344820199746616,0.0,0.35209841452587476,0.0,0.31928635330600696
1642276,Kel'el Ware,2025-26,MIA,1703.8216666666667,0.011986908938822963,0.6197776468908176,0.05013818170166998,0.0,0.02431359641250499,0.0,0.014643594495346999,0.27914007156083753
1629640,Keldon Johnson,2025-26,SAS,1911.4666666666667,0.0,0.15253984426236328,0.02840476206321033,0.0,0.4052927174594607,0.0,0.16659254860978664,0.2471701276051789
203482,Kelly Olynyk,2025-26,SAS,360.2133333333333,0.11334373739103298,0.10212542295364815,0.16851073722284018,0.17623764494187386,0.10961991492793205,0.0,0.13711763271918181,0.19304490984349085
1626162,Kelly Oubre Jr.,2025-26,PHI,1574.3116666666667,0.0,0.1423832129432243,0.17401591733414645,0.07874923896955001,0.19830646492828272,0.052515441686374856,0.07963447571445387,0.27439524842396773
1631113,Kennedy Chandler,2025-26,UTA,355.2266666666667,0.05622078854974301,0.0,0.0,0.6487246161406385,0.05833401293323235,0.11828257046815065,0.11843801190823551,0.0
1629026,Kenrich Williams,2025-26,OKC,855.1633333333333,0.024594986158154173,0.12725409759687104,0.12073534689581139,0.1435515598475093,0.0722178370719643,0.17100456147903514,0.06910094046021924,0.2715406704904355
203484,Kentavious Caldwell-Pope,2025-26,MEM,1087.5583333333334,0.02196888053943188,0.0,0.10287278296052003,0.23939157571432318,0.0,0.40505521587042953,0.0,0.2307115449152953
1631165,Keon Ellis,2025-26,CLE,1478.6383333333333,0.013020987532667259,0.02632752817784281,0.35125900061730386,0.0,0.07491632753062424,0.06809528604962337,0.0,0.46638087009193835
201142,Kevin Durant,2025-26,HOU,2839.8233333333333,0.0,0.06851402614243741,0.0,0.0,0.0,0.48475132570509105,0.3719758515583115,0.0747587965941602
1628989,Kevin Huerter,2025-26,DET,1549.0766666666666,0.0,0.16718093202784945,0.1386369263410961,0.16452040602106296,0.031820712887585006,0.02041883100263689,0.07880376247470747,0.39861842924506224
201567,Kevin Love,2025-26,UTA,612.8,0.06953315612978672,0.17370976931863605,0.01650797257658187,0.0,0.01894526847347794,0.0,0.11826391088906855,0.603039922612449
1629645,Kevin Porter Jr.,2025-26,MIL,1261.015,0.04565519905827732,0.0,0.20234605524329696,0.18727425542184442,0.0,0.2604113081664766,0.3043131821101046,0.0
1626172,Kevon Looney,2025-26,NOP,307.4866666666667,0.2439340275600858,0.22234806888021205,0.0,0.41620836401861366,0.0,0.045315233104445,0.0,0.07219430643664346
1641718,Keyonte George,2025-26,UTA,1786.1083333333333,0.001770727342196024,0.05303839996937514,0.0,0.23222347525317563,0.017000024920218227,0.21069640101509698,0.40720608098730016,0.07806489051263783
1642863,Khaman Maluach,2025-26,PHX,411.025,0.35419661427747007,0.2812134465865989,0.0,0.0,0.19070037894338612,0.0,0.0,0.17388956019254484
203114,Khris Middleton,2025-26,DAL,1439.0866666666666,0.011135416711940137,0.0,0.0,0.3337797441486474,0.0,0.5838643133940516,0.0,0.07122052574536088
1630165,Killian Hayes,2025-26,SAC,405.52666666666664,0.0,0.0,0.07305832582566556,0.5962319700129594,0.0,0.2963004035244268,0.034409300636948234,0.0
202691,Klay Thompson,2025-26,DAL,1496.83,0.0,0.0,0.0,0.0,0.0,0.2513693026290411,0.02516758626566817,0.7234631111052908
1641738,Kobe Brown,2025-26,IND,962.3766666666667,0.09612889977329693,0.0017528124969302436,0.08528854322188029,0.15952027938058636,0.24274426082282582,0.0,0.04261515006791539,0.3719500542365649
1642920,Kobe Sanders,2025-26,LAC,1351.4166666666667,5.142583966987517e-05,0.0062286828966289865,0.16354967455451352,0.21255902517358405,0.12225371642711964,0.20555492305457512,0.0,0.28980255205390876
1642851,Kon Knueppel,2025-26,CHA,2550.7466666666664,0.0,0.12373891136864193,0.00472742086172364,0.0,0.07853688093090037,0.0,0.3116550486601517,0.4813417381785824
1627739,Kris Dunn,2025-26,LAC,2230.0,0.0,0.0,0.36191021415297836,0.4718094766610462,0.1268826204637571,0.039397688722218493,0.0,0.0
1631200,Kris Murray,2025-26,POR,1333.21,0.06161928676067238,0.0,0.2109379337120794,0.0995104982264731,0.3743242995578706,0.0,0.0,0.25360798174290444
204001,Kristaps Porziņģis,2025-26,GSW,768.8916666666667,0.00106917498656634,0.30414508529688294,0.0,0.0,0.0,0.23796103733186652,0.25186534491923357,0.20495935746545058
203937,Kyle Anderson,2025-26,MIN,853.2366666666667,0.0,0.183631439615263,0.15472125988818788,0.1928884877580878,0.4182533771285129,0.029546715725928853,0.02095871988401952,0.0
1642271,Kyle Filipowski,2025-26,UTA,1800.9433333333334,0.0,0.28835359483943823,0.10364889670213985,0.13959027098015758,0.28265925692506333,0.0,0.13561610063840498,0.050131879914796
1628398,Kyle Kuzma,2025-26,MIL,1805.7416666666666,0.0031919004187586876,0.16675978978661413,0.005531740437127267,0.18244251384110352,0.268605638234628,0.0,0.16785935367792518,0.20560906360384332
1642273,Kyshawn George,2025-26,WAS,1390.9633333333334,0.06766371872001127,0.022226305445319703,0.03444682962715673,0.33953994358907813,0.0,0.17531403360091702,0.23893275644208456,0.12187641257543257
1630163,LaMelo Ball,2025-26,CHA,2017.4466666666667,0.0,0.0,0.030931900167227588,0.27252804486868226,0.0,0.0,0.6211757239628264,0.07536433100126366
1642950,Lachlan Olbrich,2025-26,CHI,344.2216666666667,0.3071183974049324,0.0,0.06860067414069751,0.2730542527336819,0.3333503349990621,0.0,0.0,0.01787634072162619
1629013,Landry Shamet,2025-26,NYK,1171.055,0.0,0.0,0.11705508150262024,0.0,0.14151929008622802,0.08395259757894116,0.0,0.6574730308322104
1626204,Larry Nance Jr.,2025-26,CLE,448.77,0.0385049073852125,0.0,0.23032453726122532,0.18393867525871394,0.25626713663909806,0.0,0.0,0.29096474345575013
1628374,Lauri Markkanen,2025-26,UTA,1442.5966666666666,0.0,0.29028975893306747,0.0,0.0,0.10056076280304882,0.04939244356076557,0.30204918520556573,0.25770784949755227
2544,LeBron James,2025-26,LAL,1989.055,0.04045793665548584,0.15581477684836686,0.0,0.16080899303750282,0.07179634403482862,0.12017699812449459,0.4509449512993213,0.0
1641778,Leaky Black,2025-26,WAS,433.07666666666665,0.0,0.0,0.1362514614770638,0.19021604690143634,0.10796090232209156,0.21489432356443655,0.0,0.3506772657349715
1631159,Leonard Miller,2025-26,CHI,718.6616666666666,0.03745659703099441,0.24006507438400573,0.02992178590210733,0.0,0.3117598140336286,0.0,0.038195696778780375,0.34260103187048335
1642862,Liam McNeeley,2025-26,CHA,367.52166666666665,0.060201649272921355,0.058178950404509086,0.0,0.0,0.2562177948899226,0.0,0.0656681445866556,0.5597334608459913
1628366,Lonzo Ball,2025-26,CLE,727.7433333333333,0.0,0.0,0.3811642253198589,0.4394456933429349,0.0,0.0,0.0,0.17939008133720627
1629652,Luguentz Dort,2025-26,OKC,1848.7416666666666,0.032824853571849624,0.0,0.13484689732582333,0.03486369641034957,0.0,0.11065074764144785,0.0,0.6868138050505296
1629029,Luka Dončić,2025-26,LAL,2288.6016666666665,2.179151642160282e-14,0.0,2.45255348009189e-14,5.735645464429629e-14,0.0,1.9304494657937317e-14,0.999999999999877,0.0
1630568,Luka Garza,2025-26,BOS,1117.9083333333333,0.0,0.5612869632057813,0.0,0.0,0.009787987980985062,0.0,0.13231667289934074,0.29660837591389283
1628379,Luke Kennard,2025-26,LAL,1680.4766666666667,0.0,0.10375145479086695,0.12860304626286823,0.0,0.01959584623500649,0.26507890295633774,0.0,0.48297074975492055
1628436,Luke Kornet,2025-26,SAS,1430.08,0.5525599463869613,0.3527629491980029,0.0,0.0,0.0,0.0,0.023777548172483582,0.07089955624255237
1641869,Malachi Smith,2025-26,BKN,358.82,0.0,0.1632774571760953,0.09131353850688297,0.429609339043245,0.0,0.03346316509965338,0.07801154182636577,0.2043249583477575
1628370,Malik Monk,2025-26,SAC,1363.6433333333334,0.0,0.014177119591654404,0.0,0.3042606308018654,0.0,0.14115125449667332,0.2467063877413096,0.2937046073684973
1631204,Marcus Sasser,2025-26,DET,456.50333333333333,0.0,0.0,0.16427483806078402,0.3439834111085684,0.0,0.19661615662873824,0.058214381183628754,0.23691121301828058
203935,Marcus Smart,2025-26,LAL,1768.9783333333332,0.02787399605798011,0.0,0.26871920436983854,0.3205979852520831,0.0,0.125810851670362,0.0,0.25699796264973634
1631109,Mark Williams,2025-26,PHX,1416.05,0.0,0.3649648387874384,0.05353062559069681,0.0,0.5815045356218649,0.0,0.0,0.0
1628963,Marvin Bagley III,2025-26,DAL,1200.9033333333334,0.011893861502102181,0.6709718918250519,0.0,0.0,0.1448422219905973,0.0,0.07596165206422278,0.09633037261802596
1641824,Matas Buzelis,2025-26,CHI,2248.2483333333334,0.140177624535257,0.17434487123775647,0.026194005982944194,0.0,0.08264381441722642,0.0,0.14060592575937925,0.43603375806743666
1629680,Matisse Thybulle,2025-26,POR,479.65,0.0,0.0,0.9999999999999636,0.0,0.0,0.0,3.641697693185418e-14,0.0
1631108,Max Christie,2025-26,DAL,2244.48,0.0,0.0,0.05879486633690766,0.04610801608907542,0.18604459813665222,0.0956937027528258,0.059828587844281855,0.553530228840257
1628467,Maxi Kleber,2025-26,LAL,461.01,0.1758444245341387,0.1878334502485347,0.08082223730582808,0.2665297861994257,0.08109936676002681,0.0,0.0,0.20787073495204603
1642875,Maxime Raynaud,2025-26,SAC,1963.88,0.0,0.5022226501316814,0.0,0.14219647074816547,0.2556553767207235,0.06274009492268982,0.009499021125920019,0.027686386350819617
1642877,Micah Peavy,2025-26,NOP,912.935,0.0,0.0,0.1644326361958991,0.28339276409861736,0.26804046564529,0.030971074065902604,0.0,0.2531630599942909
1630695,Micah Potter,2025-26,IND,908.3166666666667,0.0,0.17948090323976534,0.06869731809138284,0.0,0.26508422153242284,0.0,0.11663467736857923,0.3701028797678498
1629008,Michael Porter Jr.,2025-26,BKN,1688.6033333333332,0.0,0.1305461250385581,0.0,0.0,0.022815841095610547,0.13004248930356563,0.39753096880011596,0.3190645757621498
1628969,Mikal Bridges,2025-26,NYK,2691.935,0.0,0.11328260990493781,0.1848662537645443,0.0,0.09134212266447805,0.2456961144053943,0.03777835973971777,0.3270345395209277
201144,Mike Conley,2025-26,MIN,991.2983333333333,0.0,0.0,0.17945667626966083,0.2723458652783841,0.0,0.04191408541821754,0.0,0.5062833730337375
1628970,Miles Bridges,2025-26,CHA,2387.2316666666666,0.0,0.17849734962187164,0.0,0.09340049382785226,0.1897961764688536,0.0,0.23448503123109335,0.3038209488503291
1630540,Miles McBride,2025-26,NYK,1080.035,0.0,0.0,0.11936374762771199,0.01387802758303863,0.0,0.24182681819619814,0.09376174112747691,0.5311696654655743
1629011,Mitchell Robinson,2025-26,NYK,1174.5016666666668,0.8026527582630711,0.12119879733587093,0.07614844440105788,0.0,0.0,0.0,0.0,0.0
1642885,Mohamed Diawara,2025-26,NYK,634.1516666666666,0.020989337270517952,0.051671540865216706,0.07647731623186382,0.09788108266134153,0.10511039948193586,0.061825491659935956,0.03774310832198188,0.5483017235072062
1629021,Moritz Wagner,2025-26,ORL,426.595,0.006179331933764796,0.3254641779945435,0.0,0.031616398658362695,0.22770221317502248,0.0,0.15197277789155603,0.2570651003467504
1630541,Moses Moody,2025-26,GSW,1539.8983333333333,0.0,0.03065755761877889,0.18161352937324082,0.0,0.11399806808375319,0.05486336264030505,0.08711181080190121,0.531755671482021
1631243,Mouhamed Gueye,2025-26,ATL,1178.8366666666666,0.05276562396061879,0.0,0.28398200686977715,0.0,0.43234151079400146,0.0,0.0,0.2309108583756027
1630619,Moussa Cisse,2025-26,DAL,529.58,1.0,0.0,0.0,0.0,0.0,0.0,0.0,0.0
1631217,Moussa Diabaté,2025-26,CHA,1898.9566666666667,0.12684979108519526,0.4933119230168316,0.03079720418713885,0.0,0.34904108171083426,0.0,0.0,0.0
1626167,Myles Turner,2025-26,MIL,1911.8033333333333,0.09800419461706945,0.25860923794636265,0.036355489999841395,0.0,0.0,0.09396537068609992,0.020502876784307896,0.4925628299663188
1642066,Myron Gardner,2025-26,MIA,410.505,0.04880109265197113,0.17891982464648917,0.24445365906252492,0.052203078179278994,0.09139476709405134,0.0,0.08242584764804646,0.30180173071763794
1641772,Nae'Qwan Tomlin,2025-26,CLE,1003.6383333333333,0.11109421347710988,0.0016026381516186217,0.2104326275311865,0.0,0.4131551222714977,0.0,0.0,0.2637153985685872
1630230,Naji Marshall,2025-26,DAL,2183.74,0.0,0.05785179984296913,0.07513391992159577,0.22777930203559,0.34362854230657963,0.09515863178504097,0.20044780410822452,0.0
1629675,Naz Reid,2025-26,MIN,2007.35,0.0,0.24012810266804707,0.11173047563129844,0.08195266354395543,0.09059970521633935,0.0,0.1771730059142406,0.298416047026119
1629674,Neemias Queta,2025-26,BOS,1926.2066666666667,0.0,0.9999999999999644,0.0,0.0,0.0,0.0,3.568679644344125e-14,0.0
1629651,Nic Claxton,2025-26,BKN,1920.3666666666666,0.03246832653587821,0.707880753561559,0.0,0.17978266950634458,0.0,0.019899875991395574,0.05996837440482271,0.0
1630208,Nick Richards,2025-26,CHI,700.71,0.27664410434493586,0.030571207061290698,0.0,0.03874077881456516,0.6540439097792083,0.0,0.0,0.0
1641733,Nick Smith Jr.,2025-26,LAL,374.87666666666667,0.0,0.0,0.0,0.32668448810076606,0.0,0.21821398087305097,0.11802708251757442,0.33707444850860857
1629638,Nickeil Alexander-Walker,2025-26,ATL,2603.1766666666667,0.0,0.034021924322102846,0.1493404100327002,0.0,0.10545802390815237,0.10902024818061987,0.24926251069815678,0.35289688285826787
201587,Nicolas Batum,2025-26,LAC,1294.595,0.0,0.0,0.24438827272441577,0.0,0.024330106626592043,0.0,0.0,0.7312816206489922
203999,Nikola Jokić,2025-26,DEN,2264.855,0.0,0.3310877674436678,0.0,0.0,0.0,0.0,0.6689122325563323,0.0
1631107,Nikola Jović,2025-26,MIA,808.0183333333333,0.1399727728534061,0.0,0.04844831071062237,0.3081506774706858,0.1350225187250771,0.0,0.09189251388861536,0.2765132063515934
202696,Nikola Vučević,2025-26,BOS,1818.1183333333333,0.0,0.4223741320179101,0.0,0.10128309733232287,0.0,0.060539631128175765,0.141297320937049,0.27450581858454226
1642363,Nique Clifford,2025-26,SAC,1881.925,0.04853234182722235,0.0,0.0609302186468645,0.5067651532090269,0.05374658717465496,0.2226224794387194,0.0,0.10740321970351176
1641730,Noah Clowney,2025-26,BKN,1780.0633333333333,0.09338485303773052,0.016555689477543156,0.06534696241319937,0.027866306571730663,0.1862520779090633,0.0,0.12251525820857605,0.48807885238215687
1642869,Noah Penda,2025-26,ORL,757.275,0.10607031993309184,0.03780037205257811,0.17749979143586417,0.3900022397369035,0.17957879778100896,0.0,0.017417246473168495,0.09163123258738487
1642849,Nolan Traore,2025-26,BKN,1243.3916666666667,0.044661801351971786,0.0,0.022521317559687868,0.814290861570236,0.0,0.004411989735372985,0.11411402978273123,0.0
1626181,Norman Powell,2025-26,MIA,1716.9366666666667,0.0,0.10149018909035365,0.06007326457091611,0.0,0.07390488245948576,0.11435524803722193,0.3235361328955245,0.32664028294649805
1628384,OG Anunoby,2025-26,NYK,2223.8716666666664,0.0,0.08585866712420619,0.2715140914055069,0.0,0.24449305177031003,0.003222102407724854,0.13971737905512593,0.2551947082371261
1630167,Obi Toppin,2025-26,IND,423.725,0.0,0.20064893175222187,0.0,0.0,0.07741844666054927,0.0,0.32518487191958667,0.39674774966764204
1630534,Ochai Agbaji,2025-26,BKN,973.2033333333334,0.08196177283704965,0.0,0.05458705637329185,0.08217587428572519,0.30974536324122437,0.0,0.0,0.4715299332627089
1641765,Olivier-Maxence Prosper,2025-26,MEM,983.5916666666667,0.0,0.24439518413378147,0.15165894532054844,0.0,0.22996164040660805,0.0,0.08889315743260397,0.28509107270645806
1630168,Onyeka Okongwu,2025-26,ATL,2296.9683333333332,0.0,0.39248921114443147,0.08532859001108703,0.030245717136907893,0.08947058451880385,0.0,0.10302692613362088,0.29943897105514883
1631131,Oscar Tshiebwe,2025-26,UTA,448.42,0.42755411852711006,0.2626607000244636,0.0,0.15531660038729006,0.022688703921507812,0.0,0.13177987713962844,0.0
1642345,Oso Ighodaro,2025-26,PHX,1808.37,0.46760879182431375,0.232774261707608,0.0,0.24028166491821684,0.0,0.0,0.059335281549861535,0.0
1631172,Ousmane Dieng,2025-26,MIL,1099.4716666666666,0.06667494132436974,0.0,0.0,0.3758176261562916,0.0,0.24814814609226649,0.07152788592716795,0.2378314004999042
1629023,P.J. Washington,2025-26,DAL,1735.62,0.014472058479679065,0.19727793745094688,0.06435326720779895,0.18291789340856487,0.27885256183346,0.0,0.09308327830722533,0.16904300331232494
1631094,Paolo Banchero,2025-26,ORL,2501.685,0.11861297941197112,0.0681002491520798,0.0,0.07751572225868068,0.20581660672292904,0.11243315319550944,0.41752128925883,0.0
1627783,Pascal Siakam,2025-26,IND,2056.6516666666666,0.0,0.1695569291582467,0.0,0.10564889919511569,0.06989575880506631,0.23423939416423328,0.35208621707539933,0.06857280160193864
1630311,Pat Spencer,2025-26,GSW,1228.9266666666667,0.0,0.0,0.03377575474912207,0.657977312270865,0.0,0.12580923133338814,0.18243770164662496,0.0
1630172,Patrick Williams,2025-26,CHI,1473.78,0.10290160549660193,0.0,0.08316062769416975,0.41472020428416795,0.0,0.023487201564470733,0.0,0.3757303609605896
202331,Paul George,2025-26,PHI,1135.0316666666668,0.0,0.0,0.21397422860296236,0.0,0.0,0.36549772861427754,0.21306730890031855,0.2074607338824415
1630194,Paul Reed,2025-26,DET,900.6283333333333,0.0,0.6937272042090303,0.19464898920978915,0.0,0.0,0.0,0.11162380658118055,0.0
1630202,Payton Pritchard,2025-26,BOS,2555.5233333333335,0.0,0.0,0.0,0.20194421514234318,0.0,0.16810104589789082,0.317079251957892,0.3128754870018741
1641796,Pelle Larsson,2025-26,MIA,1849.1433333333334,0.014304828403480446,0.24343157133416451,0.011184771890825364,0.2610387038646393,0.18792452807608542,0.0,0.09864284886908584,0.1834727475617191
1631250,Pete Nance,2025-26,MIL,737.0983333333334,0.0,0.2157720093140202,0.024770175932519005,0.0,0.13168013327053502,0.0,0.0,0.6277776814829258
1631212,Peyton Watson,2025-26,DEN,1597.7583333333334,0.028082873858602884,0.21694842805644618,0.0753887166854694,0.00927701218825482,0.22100051669551765,0.15581924519321755,0.07577912164898563,0.2177040856735059
1630173,Precious Achiuwa,2025-26,SAC,1745.185,0.0,0.39693768104110766,0.06027455647977791,0.227768095328653,0.2784896622286039,0.0,0.03288142916989853,0.0036485757519590504
1629656,Quentin Grimes,2025-26,PHI,2205.721666666667,0.10820278067101001,0.0,0.07453609996271995,0.14315241182149288,0.09712834358180941,0.11952874752118617,0.0995816294057724,0.3578699870360091
1631245,Quenton Jackson,2025-26,IND,897.425,0.05321740747119612,0.08544380735520686,0.05860675176666107,0.29907692339552205,0.11960595594343965,0.10827590068417475,0.14649569100522494,0.12927756237857457
1642366,Quinten Post,2025-26,GSW,1159.1983333333333,0.0,0.21349260662240255,0.019043380554464976,0.0,0.12056356618662933,0.0,0.08004973771159125,0.5668507089249119
1629628,RJ Barrett,2025-26,TOR,1725.76,0.0,0.19439774782788935,0.0,0.055556637178801556,0.2202022035797536,0.0,0.2911815501220926,0.23866186129146294
1642853,Rasheer Fleming,2025-26,PHX,673.4016666666666,0.06945719950645306,0.0,0.1488798974003927,0.0,0.2886959204676326,0.0,0.0,0.49296698262552163
1641712,Rayan Rupert,2025-26,MEM,1072.545,0.020235420676861904,0.0,0.20745534874228377,0.44633044233362046,0.20314793794863062,0.03461228574787018,0.0,0.08821856455073308
1642263,Reed Sheppard,2025-26,HOU,2146.923333333333,0.0,0.0,0.2803797313919936,0.09745113476730927,0.0,0.1505474676494867,0.23168112797325077,0.2399405382179595
1642265,Rob Dillingham,2025-26,CHI,969.9533333333334,0.038204825002357654,0.0,0.0706414212744682,0.6919464751705476,0.0,0.18915406230037263,0.010053216252253729,0.0
1629057,Robert Williams III,2025-26,POR,1008.2133333333334,0.02136510985065866,0.5978769010663698,0.09119758477967634,0.0,0.28956040430329527,0.0,0.0,0.0
1631199,Ron Harper Jr.,2025-26,BOS,317.52666666666664,0.0,0.029710695606783744,0.17463568434647037,0.022479646136447654,0.07407020452589792,0.0,0.08878332425550974,0.6103204451288906
1641842,Ronald Holland II,2025-26,DET,1550.4483333333333,0.03025753805181371,0.0,0.3486294932864006,0.17479325410263374,0.41357594605613085,0.0,0.03274376850302116,0.0
1626220,Royce O'Neale,2025-26,PHX,2213.0533333333333,0.0,0.014798081690700553,0.24614275753840356,0.06239701120544478,0.0,0.0,0.05658129324127072,0.6200808563241804
203497,Rudy Gobert,2025-26,MIN,2380.0466666666666,0.7096466833140125,0.0,0.0,0.0,0.244533083187742,0.0,0.045820233498245676,0.0
1629060,Rui Hachimura,2025-26,LAL,1926.565,0.0,0.006200608068708626,0.0,0.0,0.16404233620048358,0.36477545960766933,0.0,0.46498159612313855
201566,Russell Westbrook,2025-26,SAC,1852.57,0.0,0.0,0.06874099567199932,0.525104171681285,0.0,0.05459822009879746,0.35155661254791815,0.0
1642346,Ryan Dunn,2025-26,PHX,1355.245,0.0,0.0,0.29273576735915047,0.09154893828016178,0.4160046027909696,0.0,0.0,0.19971069156971802
1641750,Ryan Kalkbrenner,2025-26,CHA,1479.1316666666667,0.5610568069809215,0.4096666584921877,0.0,0.0,0.01434983346239904,0.0,0.0,0.014926701064491715
1642948,Ryan Nembhard,2025-26,DAL,1170.88,0.0,0.0,0.0,0.5535347509582195,0.0,0.4464652490417806,0.0,0.0
1631157,Ryan Rollins,2025-26,MIL,2375.483333333333,0.0,0.0,0.14421913827265107,0.38715255204100146,0.0,0.14487493070856527,0.32017556915677964,0.0035778098210025168
1630180,Saddiq Bey,2025-26,NOP,2245.575,0.0,0.10006390802256826,0.009057090005268723,0.0,0.2520286077571707,0.028732634141965353,0.2503587798828004,0.3597589801902265
1630573,Sam Hauser,2025-26,BOS,1934.15,0.0,0.037969256664390764,0.03459477702942054,0.0,0.0,0.051586545376815514,0.019498226788846138,0.8563511941405272
1630241,Sam Merrill,2025-26,CLE,1377.0733333333333,0.0,0.040246217856150006,0.0595177713342543,0.0,0.0,0.06129849683857953,0.08450814185680114,0.754429372114215
1630572,Sandro Mamukelashvili,2025-26,TOR,1750.6916666666666,0.0,0.43088519877221004,0.09882309898585236,0.0,0.0066866903002000405,0.0,0.10671157959244627,0.35689343234929133
1630583,Santi Aldama,2025-26,MEM,1198.0783333333334,0.0,0.3734483250326021,0.009806488850296719,0.0,0.09456180097207185,0.027802179613073005,0.15351758402408078,0.3408636215078756
1630703,Scoot Henderson,2025-26,POR,747.83,0.051288187843024545,0.0,0.049166051913231756,0.40855208254343683,0.0,0.11530890844157553,0.2517926041740376,0.12389216508469364
1630567,Scottie Barnes,2025-26,TOR,2680.7766666666666,0.0,0.3727969193287017,0.07920319941595226,0.1047296647537942,0.0,0.1974573491982254,0.24581286730332647,0.0
1631101,Shaedon Sharpe,2025-26,POR,1471.3016666666667,0.07976280708458437,0.0,0.07742149723073322,0.24527189734819715,0.0,0.24348947195702214,0.2967346341311996,0.05731969224826362
1628983,Shai Gilgeous-Alexander,2025-26,OKC,2258.9466666666667,0.0,0.0,0.0,0.0,0.0,0.1898166105959599,0.8101833894040401,0.0
1630536,Sharife Cooper,2025-26,WAS,699.9983333333333,0.0388503257190069,0.0,0.0,0.5265820644639925,0.09035060122554256,0.18323531892587824,0.16098168966557974,0.0
1631321,Sidy Cissoko,2025-26,POR,1435.055,0.056511919226134716,0.0,0.16072382442710959,0.27190612482929793,0.19099243795004428,0.0,0.0,0.31986569356741346
1631323,Simone Fontecchio,2025-26,MIA,1172.47,0.0,0.059293480086672574,0.10595365727273895,0.0,0.12272638089281823,0.0,0.1369342900074041,0.5750921917403663
1642883,Sion James,2025-26,CHA,1843.28,0.06630693786326051,0.0,0.13079071750434876,0.24450542320262408,0.14689490299789126,0.0,0.0,0.4115020184318754
1642461,Spencer Jones,2025-26,DEN,1416.79,0.0,0.0,0.21383293182762406,0.0,0.39154675967835173,0.0,0.0,0.3946203084940241
201939,Stephen Curry,2025-26,GSW,1328.7283333333332,0.0,0.0,0.060828073325834765,0.0,0.0,0.011292984857951716,0.6070874904999636,0.32079145131625
1642264,Stephon Castle,2025-26,SAS,2037.7433333333333,0.006844427721469293,0.11886370088530657,0.017509528231115297,0.318775752611859,0.12500429301772412,0.0,0.4130022975325257,0.0
203500,Steven Adams,2025-26,HOU,730.365,0.7557860551434122,0.0,0.0,0.18717852042389346,0.01078152929112364,0.0,0.04625389514157079,0.0
1629004,Svi Mykhailiuk,2025-26,UTA,1155.6116666666667,0.0,0.0,0.07870761262654119,0.019666653039791405,0.22666719719324468,0.0,0.04563536315146643,0.6293231739889562
204456,T.J. McConnell,2025-26,IND,962.505,0.0,0.0,0.024232864501057504,0.25386987828830326,0.0,0.4668963304327088,0.25500092677793046,0.0
1643007,Taelon Peter,2025-26,IND,492.23,0.0,0.0,0.28117746053582027,0.18823540840408398,0.0,0.0,0.0,0.5305871310600958
1631106,Tari Eason,2025-26,HOU,1549.105,0.006862876984835634,0.0,0.23249357258092962,0.16662686554771056,0.2823874030851892,0.057815225084224334,0.06684770610231125,0.1869663506147993
1627752,Taurean Prince,2025-26,MIL,611.3033333333333,0.0,0.0,0.11473110959395669,0.0582482840651448,0.1452583032415687,0.03890344678258492,0.028551355607222398,0.6143075007095227
1641707,Taylor Hendricks,2025-26,MEM,1118.465,0.031199529979129687,0.11071779457700023,0.2225831673719951,0.016786299255761222,0.26647207217655905,0.0,0.0,0.3522411366395549
1629611,Terance Mann,2025-26,BKN,1529.0166666666667,0.0505624521690388,0.0,0.053362342451109324,0.4012207737172871,0.17808776045018668,0.1264765092681185,0.014866366102257072,0.17542379584200243
1630545,Terrence Shannon Jr.,2025-26,MIN,537.675,0.13462185857682774,0.0,0.02192719764409067,0.07235460122659891,0.23279762480681582,0.07876026124246824,0.0856654966908767,0.3738729598123218
1628418,Thomas Bryant,2025-26,CLE,731.8166666666667,0.025957706992152847,0.446768687713671,0.0,0.0,0.01876022490521888,0.0,0.04679739041268381,0.46171598997627356
1642275,Tidjane Salaün,2025-26,CHA,575.38,0.018498189444162073,0.27738125524284124,0.09564114629627139,0.0,0.19465358579668757,0.0,0.0,0.4138258232200377
203501,Tim Hardaway Jr.,2025-26,DEN,2127.3,0.0,0.05424067454511556,0.0,0.0,0.0,0.19566950935012067,0.044812687351069413,0.7052771287536943
202699,Tobias Harris,2025-26,DET,1745.45,0.0,0.1320589487878304,0.05777415336517536,0.04401272616371282,0.22217573464368767,0.19657509956787111,0.14047746310821246,0.20692587436351026
1628396,Tony Bradley,2025-26,ATL,450.68666666666667,3.448491365786049e-15,0.0,0.0,2.318200736164743e-14,0.9999999999999734,0.0,0.0,0.0
1641739,Toumani Camara,2025-26,POR,2731.2366666666667,0.042511843548846,0.028065906312846504,0.15866011196398663,0.08572518435637685,0.11824893922747802,0.0,0.0513549721000417,0.5154330424904244
1629027,Trae Young,2025-26,WAS,383.75333333333333,0.009930386937662487,0.0,0.0,0.2698932965486041,0.0,0.13119539118151705,0.5889809253322164,0.0
1631218,Trayce Jackson-Davis,2025-26,TOR,496.0366666666667,0.3242101993696067,0.5799935642971646,8.964124390727963e-05,0.08580848938777902,0.009898105701542238,0.0,0.0,0.0
1642848,Tre Johnson,2025-26,WAS,1442.8166666666666,0.0,0.0,0.0,0.29810073727399405,0.0,0.26948936717184724,0.08233003912294126,0.3500798564312175
1630200,Tre Jones,2025-26,CHI,1752.3733333333332,0.0,0.14703088484061255,0.11979215886480922,0.23776365978449324,0.23988255714039863,0.005033143617272987,0.25049759575241337,0.0
1630544,Tre Mann,2025-26,CHA,668.4583333333334,0.0,0.0,0.030130107517818507,0.5632202070108386,0.0,0.12891933190135324,0.14413435281959083,0.1335960007503987
1630570,Trendon Watford,2025-26,PHI,863.7166666666667,0.0,0.4183059119871518,0.0,0.4646539941087136,0.06940055659138837,0.0,0.04763953731274617,0.0
1630530,Trey Murphy III,2025-26,NOP,2340.6383333333333,0.0,0.2037763451975027,0.0998357072383326,0.0,0.0,0.015041736474172044,0.2702883937446461,0.4110578173453465
1641774,Tristan Vukcevic,2025-26,WAS,670.98,0.10093664508513832,0.2302927527307522,0.0,0.0,0.0,0.12627506945217568,0.252560536619182,0.289934996112752
1641783,Tristan da Silva,2025-26,ORL,1899.4566666666667,0.0,0.10866494948565845,0.1326488645599423,0.06263875425484856,0.1901149439798247,0.05412955779380116,0.0378231071735108,0.413979822752414
1629660,Ty Jerome,2025-26,MEM,338.68833333333333,0.0,0.0,0.0,0.1413662108416613,0.0,0.0,0.8495352232607092,0.009098565897629567
1631174,Tyler Burton,2025-26,MEM,306.74333333333334,0.1269197857070355,0.0,0.08703899482199876,0.07005176100431362,0.08512211920099814,0.05486032514641372,0.0,0.5760070141192403
1629639,Tyler Herro,2025-26,MIA,1032.6533333333334,0.0,0.10196350350574081,0.0,0.11604799017782241,0.0,0.16165732667530983,0.33350342220360996,0.28682775743751704
1642278,Tyler Kolek,2025-26,NYK,727.1616666666666,0.0,0.0,0.01631037907698187,0.6965411126428676,0.0,0.0,0.25221436425684435,0.03493414402330624
1631213,Tyrese Martin,2025-26,PHI,776.61,0.03767672662454685,0.0,0.07082756323010993,0.40119759636004626,0.024839889230279025,0.0,0.08236538610502413,0.38309283844999376
1630178,Tyrese Maxey,2025-26,PHI,2661.1183333333333,0.0,0.044173143522596055,0.13173184692231313,0.12274852267863019,0.0,0.11530455014820266,0.52057638784878,0.06546554887947796
1642878,Tyrese Proctor,2025-26,CLE,545.0866666666667,0.012767170111444617,0.0,0.14059442284478865,0.33473727350865207,0.0,0.0685654902795161,0.19587865049282063,0.24745699276277794
1630623,Tyson Etienne,2025-26,BKN,380.01666666666665,0.0,0.0,0.0662905997450819,0.11553356917779359,0.0,0.1482070114367138,0.10534161311546991,0.5646272065249407
1626145,Tyus Jones,2025-26,DEN,978.5783333333334,0.0,0.0,0.0858363132087846,0.5397450071539334,0.0,0.06601047592439754,0.0,0.3084082037128845
1642845,VJ Edgecombe,2025-26,PHI,2623.305,0.05520844712365488,0.03254296840493688,0.10993859204315598,0.2788567493300052,0.0,0.21664853370408446,0.1241584536331568,0.18264625576100582
1641705,Victor Wembanyama,2025-26,SAS,1865.6483333333333,0.022129306347802843,0.5020263656599893,0.0,0.0,0.0,0.0,0.47584432799220794,0.0
1631246,Vince Williams Jr.,2025-26,UTA,819.395,0.005792901794251982,0.0,0.08734044592216833,0.5671216455633397,0.0,0.0,0.2072502763992235,0.1324947303210166
1630249,Vít Krejčí,2025-26,POR,1392.1,0.0,0.11708212500243509,0.12415301708032274,0.0,0.0,0.01715408470206047,0.0,0.7416107732151818
1642383,Walter Clayton Jr.,2025-26,MEM,1410.535,0.06191052931389021,0.0,0.010622729984300633,0.6020612702821487,0.0,0.05399775943245977,0.15169863911988976,0.11970907186731088
1628976,Wendell Carter Jr.,2025-26,ORL,2288.3516666666665,0.08645519583124817,0.2560015825878484,0.030044128132704448,0.0,0.18323440136599817,0.14157416375445628,0.013177624017871257,0.2895129043098734
1642954,Will Richard,2025-26,GSW,1376.805,0.0,0.0,0.380074250751688,0.06662103877696507,0.18868840705479858,0.0023596931832436854,0.0,0.36225661023330485
1642860,Will Riley,2025-26,WAS,1632.4716666666666,0.08331598601969589,0.03243871527527803,0.013463813407255299,0.3012936618118784,0.08261907130141191,0.17073527088638923,0.08265520631907915,0.23347827497901216
1642949,Yanic Konan Niederhäuser,2025-26,LAC,423.67833333333334,0.24560535833407177,0.6046704691344877,0.0,0.0,0.14972417253144052,0.0,0.0,0.0
1642274,Yves Missi,2025-26,NOP,1297.0366666666666,0.6883459471547358,0.1493575607866668,0.0,0.1622964920585974,0.0,0.0,0.0,0.0
1642258,Zaccharie Risacher,2025-26,ATL,1503.2533333333333,0.08906038469014221,0.050710803184182064,0.15125196699891147,0.0,0.15097685430360588,0.12493391306652583,0.0,0.4330660777566325
203897,Zach LaVine,2025-26,SAC,1224.2633333333333,0.04920912385259413,0.0,0.0,0.036596346637930814,0.07442779363115183,0.3098750964755285,0.13681680692787251,0.39307483247492225
1630192,Zeke Nnaji,2025-26,DEN,625.9883333333333,0.21708492661636322,0.08325224981072006,0.05971304355081382,0.0,0.27513523073534313,0.010735970394494587,0.0,0.3540785788922652
1630533,Ziaire Williams,2025-26,BKN,1281.2666666666667,0.050101887539214754,0.0,0.343686077850537,0.0,0.18177253068148366,0.03179586456579496,0.055308011585998816,0.33733562777697074
1629627,Zion Williamson,2025-26,NOP,1841.0633333333333,0.019536047891849234,0.6100312833130571,0.0,0.01795971071386893,0.06304132036573572,0.0,0.28943163771548897,0.0
